{
  "inputSizes": [
    0,
    3,
    10,
    20,
    50,
    200,
    400,
    800,
    1200,
    1600,
    2000,
    2500,
    3000,
    4000,
    5000,
    6500
  ],
  "lsTimes": [
    "0.00075",
    "0.00010",
    "0.00009",
    "0.00042",
    "0.00648",
    "0.06644",
    "0.51438",
    "4.04766",
    "13.99558",
    "36.10940",
    "89.88479",
    "195.13404",
    "395.86819",
    "1046.45628",
    "2394.87039",
    "4032.28952"
  ],
  "lsDists": [
    0,
    8,
    18,
    32,
    67,
    216,
    408,
    813,
    1213,
    1609,
    2015,
    2509,
    3010,
    4010,
    5016,
    6518
  ],
  "hkTimes": [
    "0.00014",
    "0.00041",
    "0.04203",
    "178.16937",
    null,
    null,
    null,
    null,
    null,
    null,
    null,
    null,
    null,
    null,
    null,
    null
  ],
  "hkDists": [
    0,
    6,
    12,
    26,
    null,
    null,
    null,
    null,
    null,
    null,
    null,
    null,
    null,
    null,
    null,
    null
  ]
}